{
 "knots": [
  0, 
  1, 
  2, 
  3, 
  4, 
  5, 
  6, 
  7, 
  8, 
  9, 
  10
 ], 
 "degree": 1, 
 "form": "periodic", 
 "object_type": "nurbsCurve", 
 "pos_list": [
  [
   4.0, 
   -0.0, 
   -0.0
  ], 
  [
   2.0, 
   -0.0, 
   2.0
  ], 
  [
   2.0, 
   -0.0, 
   1.0
  ], 
  [
   -2.0, 
   -0.0, 
   1.0
  ], 
  [
   -2.0, 
   -0.0, 
   2.0
  ], 
  [
   -4.0, 
   -0.0, 
   -0.0
  ], 
  [
   -2.0, 
   -0.0, 
   -2.0
  ], 
  [
   -2.0, 
   -0.0, 
   -1.0
  ], 
  [
   2.0, 
   -0.0, 
   -1.0
  ], 
  [
   2.0, 
   -0.0, 
   -2.0
  ], 
  [
   4.0, 
   -0.0, 
   -0.0
  ]
 ], 
 "spans": 10, 
 "max_index": 10
}