{
 "knots": [
  0, 
  1, 
  2, 
  3, 
  4, 
  5, 
  6, 
  7
 ], 
 "degree": 1, 
 "form": "open", 
 "object_type": "nurbsCurve", 
 "pos_list": [
  [
   0.0, 
   -0.0425332265042581, 
   0.61505481494525
  ], 
  [
   0.0, 
   0.0, 
   0.61505481494525
  ], 
  [
   0.5, 
   0.0, 
   0.3849451850547497
  ], 
  [
   0.5, 
   0.0, 
   -0.5
  ], 
  [
   -0.5, 
   0.0, 
   -0.5
  ], 
  [
   -0.5, 
   0.0, 
   0.3849451850547497
  ], 
  [
   0.0, 
   0.0, 
   0.61505481494525
  ], 
  [
   0.0, 
   0.0425332265042581, 
   0.61505481494525
  ]
 ], 
 "spans": 7, 
 "max_index": 8
}