{
 "knots": [
  0, 
  1, 
  2, 
  3, 
  4, 
  5, 
  6, 
  7, 
  8, 
  9, 
  10, 
  11, 
  12, 
  13, 
  14, 
  15
 ], 
 "degree": 1, 
 "form": "open", 
 "object_type": "nurbsCurve", 
 "pos_list": [
  [
   -0.5, 
   -0.5, 
   -0.5
  ], 
  [
   -0.5, 
   0.5, 
   -0.5
  ], 
  [
   0.5, 
   0.5, 
   -0.5
  ], 
  [
   0.5, 
   -0.5, 
   -0.5
  ], 
  [
   0.5, 
   -0.5, 
   0.5
  ], 
  [
   0.5, 
   0.5, 
   0.5
  ], 
  [
   -0.5, 
   0.5, 
   0.5
  ], 
  [
   -0.5, 
   -0.5, 
   0.5
  ], 
  [
   -0.5, 
   -0.5, 
   -0.5
  ], 
  [
   0.5, 
   -0.5, 
   -0.5
  ], 
  [
   0.5, 
   -0.5, 
   0.5
  ], 
  [
   -0.5, 
   -0.5, 
   0.5
  ], 
  [
   -0.5, 
   0.5, 
   0.5
  ], 
  [
   -0.5, 
   0.5, 
   -0.5
  ], 
  [
   0.5, 
   0.5, 
   -0.5
  ], 
  [
   0.5, 
   0.5, 
   0.5
  ]
 ], 
 "spans": 15, 
 "max_index": 16
}