{
 "knots": [
  0, 
  1, 
  2, 
  3, 
  4, 
  5, 
  6, 
  7, 
  8, 
  9, 
  10, 
  11, 
  12
 ], 
 "degree": 1, 
 "form": "open", 
 "object_type": "nurbsCurve", 
 "pos_list": [
  [
   0.0, 
   -1.1102230246251565e-16, 
   0.5
  ], 
  [
   0.0, 
   0.5, 
   1.1102230246251565e-16
  ], 
  [
   0.5, 
   0.0, 
   0.0
  ], 
  [
   0.0, 
   1.1102230246251565e-16, 
   -0.5
  ], 
  [
   0.0, 
   0.5, 
   1.1102230246251565e-16
  ], 
  [
   -0.5, 
   0.0, 
   0.0
  ], 
  [
   0.0, 
   -1.1102230246251565e-16, 
   0.5
  ], 
  [
   0.0, 
   -0.5, 
   -1.1102230246251565e-16
  ], 
  [
   -0.5, 
   0.0, 
   0.0
  ], 
  [
   0.0, 
   1.1102230246251565e-16, 
   -0.5
  ], 
  [
   0.0, 
   -0.5, 
   -1.1102230246251565e-16
  ], 
  [
   0.5, 
   0.0, 
   0.0
  ], 
  [
   0.0, 
   -1.1102230246251565e-16, 
   0.5
  ]
 ], 
 "spans": 12, 
 "max_index": 13
}