{
 "knots": [
  0, 
  1, 
  2, 
  3, 
  4, 
  5, 
  6, 
  7, 
  8, 
  9, 
  10, 
  11, 
  12, 
  13, 
  14, 
  15, 
  16, 
  17, 
  18, 
  19, 
  20, 
  21, 
  22, 
  23, 
  24, 
  25, 
  26, 
  27, 
  28, 
  29, 
  30, 
  31, 
  32, 
  33, 
  34, 
  35, 
  36
 ], 
 "degree": 1, 
 "form": "periodic", 
 "object_type": "nurbsCurve", 
 "pos_list": [
  [
   -0.0, 
   -0.5, 
   -0.0
  ], 
  [
   0.25, 
   -0.433, 
   -0.0
  ], 
  [
   0.433, 
   -0.25, 
   -0.0
  ], 
  [
   0.5, 
   -0.0, 
   -0.0
  ], 
  [
   0.433, 
   -0.0, 
   0.25
  ], 
  [
   0.25, 
   -0.0, 
   0.433
  ], 
  [
   -0.0, 
   -0.0, 
   0.5
  ], 
  [
   -0.0, 
   0.25, 
   0.433
  ], 
  [
   -0.0, 
   0.433, 
   0.25
  ], 
  [
   -0.0, 
   0.5, 
   -0.0
  ], 
  [
   -0.25, 
   0.433, 
   -0.0
  ], 
  [
   -0.433, 
   0.25, 
   -0.0
  ], 
  [
   -0.5, 
   -0.0, 
   -0.0
  ], 
  [
   -0.433, 
   -0.0, 
   -0.25
  ], 
  [
   -0.25, 
   -0.0, 
   -0.433
  ], 
  [
   -0.0, 
   -0.0, 
   -0.5
  ], 
  [
   -0.0, 
   0.25, 
   -0.433
  ], 
  [
   -0.0, 
   0.433, 
   -0.25
  ], 
  [
   -0.0, 
   0.5, 
   -0.0
  ], 
  [
   0.25, 
   0.433, 
   -0.0
  ], 
  [
   0.433, 
   0.25, 
   -0.0
  ], 
  [
   0.5, 
   -0.0, 
   -0.0
  ], 
  [
   0.433, 
   -0.0, 
   -0.25
  ], 
  [
   0.25, 
   -0.0, 
   -0.433
  ], 
  [
   -0.0, 
   -0.0, 
   -0.5
  ], 
  [
   -0.0, 
   -0.255, 
   -0.433
  ], 
  [
   -0.0, 
   -0.433, 
   -0.25
  ], 
  [
   -0.0, 
   -0.5, 
   -0.0
  ], 
  [
   -0.25, 
   -0.433, 
   -0.0
  ], 
  [
   -0.433, 
   -0.25, 
   -0.0
  ], 
  [
   -0.5, 
   -0.0, 
   -0.0
  ], 
  [
   -0.433, 
   -0.0, 
   0.25
  ], 
  [
   -0.25, 
   -0.0, 
   0.433
  ], 
  [
   -0.0, 
   -0.0, 
   0.5
  ], 
  [
   -0.0, 
   -0.25, 
   0.433
  ], 
  [
   -0.0, 
   -0.433, 
   0.25
  ], 
  [
   -0.0, 
   -0.5, 
   -0.0
  ]
 ], 
 "spans": 36, 
 "max_index": 36
}