{
 "knots": [
  -1, 
  0, 
  1, 
  3, 
  4, 
  5, 
  6, 
  7, 
  8, 
  9, 
  10, 
  11, 
  13, 
  14, 
  15
 ], 
 "degree": 2, 
 "form": "periodic", 
 "object_type": "nurbsCurve", 
 "pos_list": [
  [
   -0.5, 
   0.0, 
   -0.5
  ], 
  [
   0.0, 
   0.0, 
   -0.5
  ], 
  [
   0.5, 
   0.0, 
   -0.5
  ], 
  [
   0.5, 
   0.0, 
   -0.5
  ], 
  [
   0.5, 
   0.0, 
   0.0
  ], 
  [
   0.5, 
   0.0, 
   0.5
  ], 
  [
   0.5, 
   0.0, 
   0.5
  ], 
  [
   0.0, 
   0.0, 
   0.5
  ], 
  [
   -0.5, 
   0.0, 
   0.5
  ], 
  [
   -0.5, 
   0.0, 
   0.5
  ], 
  [
   -0.5, 
   0.0, 
   0.0
  ], 
  [
   -0.5, 
   0.0, 
   -0.5
  ], 
  [
   -0.5, 
   0.0, 
   -0.5
  ], 
  [
   0.0, 
   0.0, 
   -0.5
  ]
 ], 
 "spans": 12, 
 "max_index": 12
}